<?xml version="1.0" encoding="UTF-8"?><rss xmlns:a10="http://www.w3.org/2005/Atom" version="2.0">  <channel>    <title>Export RSS des offres - Seulement les offres à la une : Non / Contrat : Stage</title>    <link>http://afd.profils.org/handlers/offerRss.ashx?lcid=1036&amp;Rss_JobDescription_Contract=159</link>    <description />    <language>fr-FR</language>    <item>      <link>http://afd.profils.org/Pages/Offre/detailoffre.aspx?idOffre=1897&amp;idOrigine=310&amp;LCID=1036&amp;offerReference=17-STA-ARB-1897</link>      <category>Ingénierie du développement/Agronomie et développement rural</category>      <category>Stage</category>      <category>Siège de l'AFD- Paris 12e</category>      <title>17-STA-ARB-1897 - Stage - Appui chargé de mission ARB H/F</title>      <description>&lt;b&gt;Métier : &lt;/b&gt;Ingénierie du développement/Agronomie et développement rural&lt;br /&gt;&lt;b&gt;Contrat : &lt;/b&gt;Stage&lt;br /&gt;&lt;b&gt;Description du poste : &lt;/b&gt;&lt;br /&gt;Le district de Kiruhura dans le Sud-Ouest de l'Ouganda est une zone de collines dans lesquelles les dernières années ont vu une forte évolution des systèmes de production et un fort développement du secteur laitier. La transhumance traditionnelle du « corridor » de l'élevage a maintenant quasiment complètement laissé la place à un élevage sédentaire et les races traditionnelles sont progressivement remplacées par des races européennes ou des métissages. La terre a été privatisée et la plupart des exploitations sont maintenant clôturées.Ces changements ont aussi amené de nouvelles contraintes, notamment en termes d'accès à l'eau pendant les périodes sèches. Les retenues communales sont dégradées et ne suffisent plus à ceux qui les utilisent, tandis que de plus en plus de fermiers font des retenues sur leurs propres exploitations.L'Agence française de développement instruit actuellement un projet qui viserait à augmenter la récolte et le stockage de l'eau à la fois à travers des ouvrages communaux et un appui au développement des ouvrages privés. Des transferts d'eau de zones excédentaires sont envisagés dans un deuxième temps.Ce projet relèvera du Ministère de l'eau et de l'environnement, mais sera mis en œuvre en collaboration avec le Ministère de l'agriculture, notamment l'Autorité de développement du secteur laitier (Dairy Development Authority – DDA) qui appuie les producteurs du secteur et le projet TIDE (The Inclusive Dairy Enterprise, financé par les Pays-Bas) qui travaille avec la DDA.L'AFD aimerait mieux connaître le secteur et ses évolutions et, pour cela propose un stage de six mois dont la plus grande partie sur le terrain en Ouganda.Les objectifs du stage seront de caractériser le secteur laitier dans le secteur de Kiruhura, notamment : •	Les acteurs présents (producteurs et leurs organisations, projets et organismes gouvernementaux intervenants dans le secteur, privés acheteurs de lait et vendeurs d'intrants) ;•	Les producteurs, leurs systèmes de production et les facteurs limitants (une attention particulière sera apporté aux besoins en eau tout au long de la filière) ;•	Le marché et son évolution ;•	L'économie de la filièreUne attention particulière sera apportée à la gestion de l'eau, objet du projet instruit par l'AFD et des pâturages, la nourriture risquant aussi d'être un facteur limitant important à l'avenir.Durée et dates souhaitées du stage : 6 mois – mai à octobre 2017&lt;br /&gt;&lt;br /&gt;Étudiant(e) en école d'ingénieur agronome ou vétérinaire 3e annéeVous disposez de compétences en agronomie / production animales / agro-économie.Il est envisagé que le stagiaire puisse évoluer en binôme avec un étudiant ougandais. Sur le terrain, ils seraient sous la responsabilité de la DDA et de l'AFD-Kampala en agronomie, production animales ou agro-économie.De nature autonome et organisé(e), vous disposez d'un bon esprit d'analyse, de synthèse, et d'excellentes compétences rédactionnelles. Doté(e) d'un bon relationnel, vous faites preuve d'une bonne capacité de travail en équipe.Conditions :- étudiant dans un établissement universitaire ou une école sur le territoire français ;- stage sous convention ;- indemnités de stage ;- prise en charge du pass navigo à hauteur de 50% ;- accès au restaurant d'entreprise.&lt;br /&gt;&lt;b&gt;Lieu : &lt;/b&gt;Siège de l'AFD- Paris 12e&lt;br /&gt;&lt;b&gt;Niveau d'études min. requis : &lt;/b&gt;Bac + 5 / M 2&lt;br /&gt;&lt;b&gt;Langue / Niveau : &lt;/b&gt;&lt;br /&gt;Français : Opérationnel et autonome&lt;br /&gt;&lt;b&gt;Langue / Niveau : &lt;/b&gt;&lt;br /&gt;Anglais : Opérationnel et autonome&lt;br /&gt;</description>      <pubDate>Sat, 10 Jun 2017 22:33:53 Z</pubDate>    </item>    <item>      <link>http://afd.profils.org/Pages/Offre/detailoffre.aspx?idOffre=1971&amp;idOrigine=310&amp;LCID=1036&amp;offerReference=17-STA-ERS-EVA-1971</link>      <category>Communication et production intellectuelle/Economiste</category>      <category>Stage</category>      <category>5 rue Roland Barthes 75012 PARIS</category>      <title>17-STA-ERS-EVA-1971 - Stage - Appui chargé de mission evaluation et capitalisation  H/F</title>      <description>&lt;b&gt;Métier : &lt;/b&gt;Communication et production intellectuelle/Economiste&lt;br /&gt;&lt;b&gt;Contrat : &lt;/b&gt;Stage&lt;br /&gt;&lt;b&gt;Description du poste : &lt;/b&gt;&lt;br /&gt;L'AFD réalise à des fins d'apprentissage, de capitalisation et de redevabilité, des évaluations approfondies des projets/programmes qu'elle finance et de ses stratégies sectorielles. L'AFD a ainsi lancé vingt évaluations scientifiques d'impact depuis le début des années 2000. Les connaissances issues de ces recherches évaluatives ont significativement alimenté les débats internationaux sur le développement, en particulier dans les domaines de la microfinance, de la protection sociale et du financement de la santé. Ces expériences ont en outre fait progresser l'ensemble des méthodes d'évaluation de l'agence.La structure en charge des évaluations et de la capitalisation, EVA, recherche un/une stagiaire pour apporter son appui sur les missions suivantes :* identifier des sources de données spatiales open source permettant de renseigner des indicateurs de résultats ou d'impacts économiques et environnementaux des projets financés par I'AFD (exemple rendement des cultures agricoles, maturité des plantations pérennes, statut de sécurisation foncière, pollution des sols, qualité des eaux, érosion, indice de biodiversité ou espèces critiques à surveiller, données climatiques ou de modèles climatiques,stockage de carbone, services écosystémiques, etc).* Sur quelques cas concrets de pojets d'irrigation ou d'appui à des aires protégées (en lien avec les évaluations en cours), réaliser quelques tests de traitement de données et de recherche d'indicateurs approchant ceux des cadres logiques des projets.* Travail visant à renforcer l'évaluabilité de projets en proposant des indicateurs de suivi évaluation (en lien éventuels avec certains ODD 2, 6,7,14 &amp; 15) ,Durée et dates souhaitées du stage : 6 mois à partir de juillet 2017.&lt;br /&gt;&lt;br /&gt;Étudiant(e) en Master 2 Géomatique, Géographie ou Gestion environnement, vous disposez de compétences en SlG et notamment en QGIS. Doté(e) de bonnes capacités relationnelles, d'organisation, d'autonomie et de rigueur vous aimez le travail en équipe.Conditions :- Étudiant(e) dans un établissement universitaire ou une école sur le territoire français disponible pour un stage ;- Stage conventionné- Indemnités de stage- Prise en charge du Pass Navigo à hauteur de 50%- Accès au restaurant d'entreprise&lt;br /&gt;&lt;b&gt;Lieu : &lt;/b&gt;5 rue Roland Barthes 75012 PARIS&lt;br /&gt;&lt;b&gt;Niveau d'études min. requis : &lt;/b&gt;Bac + 5 / M 2&lt;br /&gt;&lt;b&gt;Langue / Niveau : &lt;/b&gt;&lt;br /&gt;Anglais : Opérationnel et autonome&lt;br /&gt;</description>      <pubDate>Fri, 09 Jun 2017 11:51:24 Z</pubDate>    </item>    <item>      <link>http://afd.profils.org/Pages/Offre/detailoffre.aspx?idOffre=1993&amp;idOrigine=310&amp;LCID=1036&amp;offerReference=17-STA-OMR-1993</link>      <category>Ingénierie du développement/Non défini</category>      <category>Stage</category>      <category>Fort-de-France</category>      <title>17-STA-OMR-1993 - STAGE - Appui au service collectivité publiques de l'Agence de Fort-de-France H/F</title>      <description>&lt;b&gt;Métier : &lt;/b&gt;Ingénierie du développement/Non défini&lt;br /&gt;&lt;b&gt;Contrat : &lt;/b&gt;Stage&lt;br /&gt;&lt;b&gt;Description du poste : &lt;/b&gt;&lt;br /&gt;L'AFD est un partenaire important des acteurs publics locaux et le premier partenaire financier des collectivités territoriales ultramarines. Aujourd'hui, ce sont plus de 75% des collectivités territoriales d'Outre-mer qui ont un encours auprès de l'AFD. L'Agence AFD de Fort de France entend : -	poursuivre ses appuis financiers ; -	renforcer son rôle d'appui visant notamment à contribuer au renforcement les capacités des collectivités ;-	approfondir la connaissance de ses contreparties.L' Agence de Fort de France souhaite recruter un stagiaire pour l'appuyer dans ses actions. Sous la supervision de la Responsable du service Collectivité Publiques à l'Agence de Martinique, le stagiaire sera amené à :1.	Approfondir la connaissance des situations financières des collectivités martiniquaises :•	participer à l'instruction des demandes de financements •	faire un état des lieux actualisé de la situation financière des collectivités de Martinique ; •	réaliser une analyse comparative des situations des communes par strate et proposer un cadre méthodologique visant à actualiser de manière systématique cette approche ; •	analyser les enjeux, les intérêts et les démarches à mener auprès de nouveaux prospects visant à renforcer la stratégie (diversification et augmentation du nombre de contreparties bénéficiaires des financements AFD) ;2.	Contribuer au déploiement des actions d'appuis-conseils menés par l'Agence :•	Participer au suivi des collectivités en difficultés ;•	Organiser une nouvelle journée d'action locale au profit des collectivités et des actions de communication stratégiques autour notamment des ODD ;•	Contribuer à l'élaboration de la nouvelle édition du guide des Bonnes Pratiques en partenariat avec l'Association des Maires de la Martinique ;3.	Etudier la faisabilité de créer un observatoire par l'AFD :•	définir les enjeux, les intérêts à la mise en œuvre d'un Observatoire en Martinique ;•	jeter les bases méthodologiques en vue de la création d'un observatoire financier des collectivités à l'Agence ;4.	Participer aux travaux de production intellectuelle :•	contribuer aux travaux du CEROM ;•	initier ou participer à des études spécifiques d'intérêt général.Durée du stage : de septembre 2017 à février 2018.Date limite de dépôt des candidatures : 10 Mars 2014.&lt;br /&gt;&lt;br /&gt;Étudiant(e) de niveau Bac+4/5 avec une spécialisation collectivités locales, vous justifiez de connaissances en finances publiques.Doté(e) de compétences rédactionnelles, vous faites preuve de rigueur et d'autonomie dans votre travail. Particulièrement intéressé(e) par les problématiques de développement en Outre-Mer, vous êtes doté(e) d'un bon relationnel et avez le goût pour le travail en équipe.Conditions :- Étudiant(e) dans un établissement universitaire ou une école sur le territoire français, disponible pour un stage conventionné ;- Indemnités de stage ;- Billet d'avion et visa à la charge du stagiaire.&lt;br /&gt;&lt;b&gt;Lieu : &lt;/b&gt;Fort-de-France&lt;br /&gt;&lt;b&gt;Niveau d'études min. requis : &lt;/b&gt;Bac + 4 / M 1&lt;br /&gt;&lt;b&gt;Langue / Niveau : &lt;/b&gt;&lt;br /&gt;Français : Opérationnel et autonome&lt;br /&gt;&lt;b&gt;Langue / Niveau : &lt;/b&gt;&lt;br /&gt;Anglais : Opérationnel et autonome&lt;br /&gt;</description>      <pubDate>Fri, 09 Jun 2017 09:21:36 Z</pubDate>    </item>    <item>      <link>http://afd.profils.org/Pages/Offre/detailoffre.aspx?idOffre=2008&amp;idOrigine=310&amp;LCID=1036&amp;offerReference=17-STA-PRO-SDO-2008</link>      <category>Banque - Finance - Audit/Non défini</category>      <category>Stage</category>      <category>Saint Domingue</category>      <title>17-STA-PRO-SDO-2008 - Stage - Appui aux opérations Proparco en République Dominicaine et Haïti H/F</title>      <description>&lt;b&gt;Métier : &lt;/b&gt;Banque - Finance - Audit/Non défini&lt;br /&gt;&lt;b&gt;Contrat : &lt;/b&gt;Stage&lt;br /&gt;&lt;b&gt;Description du poste : &lt;/b&gt;&lt;br /&gt;Filiale de l'AFD dédiée au financement du secteur privé, PROPARCO (www.proparco.fr) a pour mission de favoriser les investissements privés dans les pays émergents et en développement en faveur de la croissance, du développement durable et de l'atteinte des Objectifs du Développement Durable (ODD).Au sein de l'Agence de Saint Domingue, le/la stagiaire aura pour mission :1 Identification et appui à l'évaluation de projets du secteur privé en République Dominicaine et Haïti- Participation à l'identification et appui à l'évaluation de projets du secteur privé en République Dominicaine et Haïti,- Contribution à la préparation des fiches d'identification de projet (FIP) et des lettres d'intérêt et appui à l'évaluation des opérations en relation avec les divisions compétentes du siège de Proparco,- Participation à l'organisation et à l'accompagnement des missions d'évaluation de Proparco, initiation et participation aux réunions de négociations avec les potentiels clients jusqu'à la signature des conventions de financements,- Contribution à la bonne réalisation des concours financiers approuvés et engagés.2 Suivi des projets financés par Proparco en République Dominicaine et Haïti- Appui aux décaissements (processus de levée des conditions précédentes aux versements) sur les concours concernés,- Appui au suivi des projets privés multisectoriels financés par Proparco en République Dominicaine et Haïti, notamment à la négociation et à la formalisation d'avenants et de waivers le cas échéant,- Contribution au maintien et au renforcement de la relation clientèle et appui aux promoteurs des projets au cours de l'exécution et réalisation effective des opérations financées par Proparco,- Participation à la gestion de l'encours et au suivi des risques des contreparties par la mise à jour des fiches d'évaluation des risques (FER) des projets de Proparco.3 Veille multisectorielle et communication en République Dominicaine et Haïti- Veille sur le secteur privé en République Dominicaine et Haïti,- Participation aux dialogues avec les bailleurs de fonds et les partenaires privés - Participation à la rédaction des contenus écrits et électroniques concernant les projets financés par Proparco en République Dominicaine et Haïti.Durée et dates souhaitées du stage : du 15 juillet 2017 au 15 janvier 2018&lt;br /&gt;&lt;br /&gt;Étudiant(e) en école de commerce, d'ingénieur ou Master II avec une spécialisation en sciences économiques et de gestion. Vous avez une première expérience en analyse financière et disposez de compétences généralistes ou multi-sectorielles dans les domaines d'intervention de Proparco en faveur du secteur privé : banque et finances et/ou agro-industrie et services et/ou énergie et infrastructures.Doté(e) d'un bon relationnel, vous aimez le travail en équipe. Dynamique, rigoureux (se) et organisé(e) dans votre travail, vous disposez d'excellentes compétences rédactionnelles et de synthèse.Vous témoignez enfin d'un fort intérêt pour le secteur bancaire et êtes concerné(e) par les problématiques de développement.Bilingue français/espagnol, vous avez une bonne compréhension de l'anglais.Conditions :- Étudiant(e) dans un établissement universitaire ou une école sur le territoire français disponible pour un stage ;- Stage conventionné- Indemnités de stage&lt;br /&gt;&lt;b&gt;Lieu : &lt;/b&gt;Saint Domingue&lt;br /&gt;&lt;b&gt;Niveau d'études min. requis : &lt;/b&gt;Bac + 4 / M 1&lt;br /&gt;&lt;b&gt;Langue / Niveau : &lt;/b&gt;&lt;br /&gt;Espagnol : Opérationnel et autonome&lt;br /&gt;&lt;b&gt;Langue / Niveau : &lt;/b&gt;&lt;br /&gt;Anglais : Opérationnel et autonome&lt;br /&gt;</description>      <pubDate>Wed, 07 Jun 2017 11:56:47 Z</pubDate>    </item>    <item>      <link>http://afd.profils.org/Pages/Offre/detailoffre.aspx?idOffre=1984&amp;idOrigine=310&amp;LCID=1036&amp;offerReference=17-STA-MED-1984</link>      <category>Communication et production intellectuelle/Non défini</category>      <category>Stage</category>      <category>Siège de l'AFD- Paris 12e</category>      <title>17-STA-MED-1984 - Stage - Appui à l'élaboration de la Note de Cadrage Stratégique Algérie H/F</title>      <description>&lt;b&gt;Métier : &lt;/b&gt;Communication et production intellectuelle/Non défini&lt;br /&gt;&lt;b&gt;Contrat : &lt;/b&gt;Stage&lt;br /&gt;&lt;b&gt;Description du poste : &lt;/b&gt;&lt;br /&gt;L'AFD, présente sans interruption en Algérie depuis de très nombreuses années, a financé de nombreux projets au service du développement du pays. Cette coopération financière, encadrée par le Document cadre de partenariat franco-algérien 2008-2012, a été impactée par la décision des autorités, prise en 2004, de ne plus recourir à l'endettement extérieur. L'activité de l'AFD est aujourd'hui axée sur le renforcement de capacité, par la formation et par l'assistance technique.Le stagiaire apportera un appui à la préparation du NCS Algérie par la conduite des activités suivantes :- la revue et la synthèse des documents de stratégie de la coopération française en Algérie_ {document cadre departenariat, lettre de mission de l'ambassadeur ... )- la revue des principaux documents sectoriels stratégiques et des grandes réformes publiques réalisées et/ou envisagées-par les autorités algériennes dans le cadre du nouveau modèle de croissance économique de l'Algérie- la synthèse des principales revues sectorielles et des documents stratégiques établis par les autres bailleurs de fonds- la rédaction de notes thématiques sur les principaux enjeux de développement en Algérie- la rédaction/actualisation de notes sectorielles couvrant l'activité de l'AFD en Algérie, mentionnant les activités desautres bailleurs et leurs conditions financières.- la rédaction de la NCS à partir des documents de stratégie déjà réalisés sur l'Algérie dans le cadre de la stratégiede relance d'activité depuis aout 2016Le/la stagiaire travaillera en étroite collaboration avec la coordinatrice géographique Algérie et l'économiste du département Méditerranée de l'AFD. Des missions à l'agence d'Alger sont envisageables.Durée et dates souhaitées du stage : six mois à compter de septembre 2017.&lt;br /&gt;&lt;br /&gt;Étudiant(e) de niveau Bac+5 en Sciences Politique ou économie du développement.-	Autonome et organisé(e), curiosité et esprit de synthèse,-	Compétences rédactionnelles.-	Qualités relationnelles et capacité de travail en équipe. -	Anglais courant. La connaissance l' Arabe serait appréciée.Conditions :- étudiant dans un établissement universitaire ou une école sur le territoire français ;- stage sous convention ;- indemnités de stage ;- prise en charge du pass navigo à hauteur de 50% ;- accès au restaurant d'entreprise.&lt;br /&gt;&lt;b&gt;Lieu : &lt;/b&gt;Siège de l'AFD- Paris 12e&lt;br /&gt;&lt;b&gt;Niveau d'études min. requis : &lt;/b&gt;Bac + 5 / M 2&lt;br /&gt;&lt;b&gt;Langue / Niveau : &lt;/b&gt;&lt;br /&gt;Anglais : Opérationnel et autonome&lt;br /&gt;&lt;b&gt;Langue / Niveau : &lt;/b&gt;&lt;br /&gt;Arabe : Opérationnel et autonome&lt;br /&gt;</description>      <pubDate>Tue, 06 Jun 2017 12:29:12 Z</pubDate>    </item>    <item>      <link>http://afd.profils.org/Pages/Offre/detailoffre.aspx?idOffre=1992&amp;idOrigine=310&amp;LCID=1036&amp;offerReference=17-STA-OMR-1992</link>      <category>Banque - Finance - Audit/Analyste financier / Risques</category>      <category>Stage</category>      <category>Agence de Mayotte</category>      <title>17-STA-OMR-1992 - Stage - Appui aux activités de l'AFD à Mayotte H/F</title>      <description>&lt;b&gt;Métier : &lt;/b&gt;Banque - Finance - Audit/Analyste financier / Risques&lt;br /&gt;&lt;b&gt;Contrat : &lt;/b&gt;Stage&lt;br /&gt;&lt;b&gt;Description du poste : &lt;/b&gt;&lt;br /&gt;L'agence de Mamoudzou déploie son action dans quatre domaines prioritaires nécessaires au développement durable de Mayotte. Il s'agit de l'accompagnement du secteur privé, du soutien aux politiques publiques, de l'appui au logement, notamment social, et de l'insertion de Mayotte dans son espace régional.L'agence a réalisé pour la première année un Observatoire des Communes à Mayotte, et souhaite pour l'année 2017/2018 poursuivre les analyses/études internes sur l'ensemble du secteur public à Mayotte, en étendant le travail réalisé auprès des Communes aux Syndicats, Interco, Départements, et/ou en développant des analyses prospectives et non plus seulement rétrospectives. L'Observatoire des communes donne lieu à une publication de la part de l'AFD et à une journée de restitutions devant les élus et la société civile mahoraise. Il rentre pleinement dans le mandats de l'AFD d'accompagner les collectivités territoriales non seulement par des prêts mais par des analyses et des offres de formations.Sous la responsabilité de son maître de stage, le/la stagiaire aura pour missions principales: - La finalisation d'un observatoire des collectivités, sur la base des tableaux de suivi et analyses déjà mis en place par l'agence. - L'organisation d'une journée d'action locale à destination des élus et équipes des collectivités territoriales pour présentation de l'observatoire. Durée et dates souhaitées du stage : 6 mois à partir de septembre 2017.&lt;br /&gt;&lt;br /&gt;Étudiant(e) en Master avec une spécialisation en finances et politiques publiques (type master 2 finances des collectivités territoriales), vous disposez de bonnes capacités d'analyses financières des collectivités territoriales et d'une connaissance du fonctionnement des finances locales. Doté(e) de compétences rédactionnelles, vous faites preuve de rigueur et d'autonomie dans votre travail. Particulièrement intéressé(e) par les problématiques de développement en Outre-Mer, vous êtes doté(e) d'un bon relationnel et avez le goût pour le travail en équipe. Conditions :- Etudiant(e) dans un établissement universitaire ou une école sur le territoire français, disponible pour un stage conventionné ; - Indemnités de stage ;- Billet d'avion et visa à la charge du stagiaire.&lt;br /&gt;&lt;b&gt;Lieu : &lt;/b&gt;Agence de Mayotte&lt;br /&gt;&lt;b&gt;Niveau d'études min. requis : &lt;/b&gt;Bac + 5 / M 2&lt;br /&gt;&lt;b&gt;Langue / Niveau : &lt;/b&gt;&lt;br /&gt;Français : Opérationnel et autonome&lt;br /&gt;&lt;b&gt;Langue / Niveau : &lt;/b&gt;&lt;br /&gt;Anglais : Opérationnel et autonome&lt;br /&gt;</description>      <pubDate>Wed, 31 May 2017 10:38:03 Z</pubDate>    </item>    <item>      <link>http://afd.profils.org/Pages/Offre/detailoffre.aspx?idOffre=1870&amp;idOrigine=310&amp;LCID=1036&amp;offerReference=17-STA-DJU-1870</link>      <category>Juridique/Non défini</category>      <category>Stage</category>      <category>PROPARCO Paris 1er arrondissement</category>      <title>17-STA-DJU-1870 - Stagiaire Juriste Proparco H/F</title>      <description>&lt;b&gt;Métier : &lt;/b&gt;Juridique/Non défini&lt;br /&gt;&lt;b&gt;Contrat : &lt;/b&gt;Stage&lt;br /&gt;&lt;b&gt;Description du poste : &lt;/b&gt;&lt;br /&gt;Filiale de l'AFD dédiée au financement du secteur privé, PROPARCO contribue à favoriser les investissements privés dans les pays émergents et en développement en faveur de la croissance, du développement durable et de I'atteinte des objectifs du millénaire.PROPARCO propose des instruments financiers répondant aux besoins spécifiques des investisseurs privés dans les pays en développement (prêts, fonds propres, garanties et ingénierie financière).Au sein de la Direction juridique de Proparco, le/la stagiaire assistera les juristes dans le cadre de leurs dossiers opérationnels :- Recherches en droit français et étranger ;- Rédaction de termes de référence dans le cadre de la sélection de cabinets d'avocats ;- Revue d'accords de confidentialité et de tout autre document de financement et de sûretés.Il ou elle apportera également un appui dans le cadre de l'élaboration d'actes-types, du suivi de questions de nature institutionnelle et pourra être amené(e) à participer à d'autres travaux transversaux structurants pour le service.Durée et dates souhaitées du stage : 6 mois - de juillet à décembre 2017&lt;br /&gt;&lt;br /&gt;Élève avocat (EFB-CRFPA) ou étudiant (formation 3emecycle) en Master 2 - Droit des affaires, droit international privé ou droit bancaire.Vous maîtrisez impérativement I'anglais.Qualités requises : Rigueur, pro-activité, qualités rédactionnelles et relationnelles.CONDITIONS:- étudiant dans un établissement universitaire ou une école sur le territoire français ;- stage sous convention ;- indemnités de stage ;- prise en charge 50% carte orange ;- accès au restaurant d'entreprise.&lt;br /&gt;&lt;b&gt;Lieu : &lt;/b&gt;PROPARCO Paris 1er arrondissement&lt;br /&gt;&lt;b&gt;Niveau d'études min. requis : &lt;/b&gt;Bac + 5 / M 2&lt;br /&gt;&lt;b&gt;Langue / Niveau : &lt;/b&gt;&lt;br /&gt;Anglais : Opérationnel et autonome&lt;br /&gt;</description>      <pubDate>Tue, 23 May 2017 09:55:49 Z</pubDate>    </item>    <item>      <link>http://afd.profils.org/Pages/Offre/detailoffre.aspx?idOffre=1988&amp;idOrigine=310&amp;LCID=1036&amp;offerReference=17-STA-DDH-SAN-1988</link>      <category>Ingénierie du développement/Non défini</category>      <category>Stage</category>      <category>Paris 12ème</category>      <title>17-STA-DDH-SAN-1988 - Stage - Appui à la division Santé H/F</title>      <description>&lt;b&gt;Métier : &lt;/b&gt;Ingénierie du développement/Non défini&lt;br /&gt;&lt;b&gt;Contrat : &lt;/b&gt;Stage&lt;br /&gt;&lt;b&gt;Description du poste : &lt;/b&gt;&lt;br /&gt;Depuis 2004, l'AFD est responsable de la mise en œuvre de la stratégie française de coopération internationale et de développement en santé sur le plan bilatéral, ainsi que de l'assistance technique qui l'accompagne. En 2009, la santé a été confirmée comme l'un de ses cinq secteurs prioritaires d'intervention par le Comité interministériel pour la coopération internationale et le développement (CICID). La division Santé (SAN) de l'AFD est à la recherche d'un(e) stagiaire pour l'appuyer dans ses activités. Sous la supervision de son maître de stage, le/la stagiaire contribuera aux activités suivantes : - Appui à l'élaboration des notes d'instruction du projet d'appui aux autorités sanitaires turques (Facilité européenne pour l'accueil des réfugiés en Turquie) ; Construction d'un hôpital dans la province d'Hatay- Appui à l'élaboration des notes d'instruction du projet de lutte contre la malnutrition au Sahel (appui à la production d'aliments fortifiés)- Appui à l'élaboration des termes de référence de l'assistance technique au projet d'appui à la réforme des retraites en Géorgie ;- Appui à la préparation d'une conférence sur « l'hôpital en Outre-mer »3 thèmes envisagés sur une journée :o	Le modèle économique des hôpitaux français est il adapté à l'outre-mer ?o	Les spécificités de l'investissement hospitalier ultramarin.o	La coopération régionale des hôpitaux ultramarins en santé.Le stagiaire sera associé à toute la préparation du séminaire sur les aspects de fond (préparation des tables rondes, problématisation des sujets…) sur la sélection et la rencontre des intervenants et sur l'organisation de la journée avec les partenaires potentiels de l'AFD et les participants (Ministère de la Santé, Ministère des Outre-Mer, Ministère des Finances, EHESP, Conférence des CHU, CDC, FHF Assemblée nationale, Sénat…).- Participation à l'instruction d'un projet en Outre-Mer (Construction hôpital, clinique ou EHPAD en fonction du calendrier). Stagiaire associé à l'analyse du projet, du business plan, des risques… Participation aux comités internes.Durée et dates souhaitées du stage : 6 mois à partir de juillet 2017.&lt;br /&gt;&lt;br /&gt;Étudiant(e) en formation supérieure de niveau BAC+5, en gestion des établissements de santé, Sciences politiques, affaires internationales ou sciences humaines et sociales. Vous justifiez de connaissances en cycle de projet et des bailleurs de fonds internationaux. Vous faites preuve de curiosité, d'enthousiasme, et de dynamisme dans votre travail. Doté(e) d'un bon relationnel, vous aimez le travail en équipe. Rigoureux(se) et organisé(e) dans votre travail, vous disposez d'excellentes compétences rédactionnelles et de bonnes capacités de synthèse.Conditions :- étudiant(e) dans un établissement universitaire ou une école sur le territoire français ;- stage sous convention ;- indemnités de stage ;- prise en charge du pass navigo à hauteur de 50% ;- accès au restaurant d'entreprise.&lt;br /&gt;&lt;b&gt;Lieu : &lt;/b&gt;Paris 12ème&lt;br /&gt;&lt;b&gt;Niveau d'études min. requis : &lt;/b&gt;Bac + 5 / M 2&lt;br /&gt;&lt;b&gt;Langue / Niveau : &lt;/b&gt;&lt;br /&gt;Français : Opérationnel et autonome&lt;br /&gt;&lt;b&gt;Langue / Niveau : &lt;/b&gt;&lt;br /&gt;Anglais : Opérationnel et autonome&lt;br /&gt;</description>      <pubDate>Mon, 22 May 2017 13:57:09 Z</pubDate>    </item>    <item>      <link>http://afd.profils.org/Pages/Offre/detailoffre.aspx?idOffre=1989&amp;idOrigine=310&amp;LCID=1036&amp;offerReference=17-STA-AFD-YAO-1989</link>      <category>Communication et production intellectuelle/Expert en politique de développement</category>      <category>Stage</category>      <category>YAOUNDE</category>      <title>17-STA-AFD-YAO-1989 - STAGE - Appui aux activités de l'Agence de Yaounde H/F</title>      <description>&lt;b&gt;Métier : &lt;/b&gt;Communication et production intellectuelle/Expert en politique de développement&lt;br /&gt;&lt;b&gt;Contrat : &lt;/b&gt;Stage&lt;br /&gt;&lt;b&gt;Description du poste : &lt;/b&gt;&lt;br /&gt;Au sein de l'AFD, l'agence de Yaoundé est responsable du suivi des opérations en cours au Cameroun et en République Centrafricaine. Représentant plus d'un milliard d'euros, les projets suivis par l'agence constituent le plus important portefeuille de projets souverains d'aide publique au développement de l'AFD dans le monde. Ils couvrent l'intégralité de ses secteurs d'interventions au travers d'une gamme variée d'instruments (prêts, contrat de désendettement et de développement, lignes de crédits, garanties etc.)Le/la stagiaire appuiera l'équipe de l'agence sur deux fonctions transversale aux opérations (i) la coordination stratégique des partenaires techniques et financiers et (ii) la mise en œuvre de la stratégie de redevabilité et de communication de l'agence.Il se verra notamment confier les missions suivantes:~ Coordination des partenaires techniques et financiers- Revue de l'histoire, de la trajectoire et du mode de fonctionnement du Comité Multi-Partenaire (CMP) et de ses comités sectoriels: analyse des procédures, de outils de reporting en place et des acteurs impliqués.- Production d'un outil de suivi du portefeuille pour les cinq plus gros bailleurs de fonds du pays (AFD, Banque Mondiale, Union Européenne, Allemagne, Banque Africaine de Développement) couvrant: (a) les principales caractéristiques des projets en exécution, (b) les projets en cours de préparation, (c) les priorités stratégiques à moyen-terme, (d) les instruments propres à chaque bailleur de fonds.~ Mise en œuvre de la stratégie de redevabilité et de communication de l'agence- Production d'un outil de suivi des impacts des projets financés, permettant d'agréger et de suivre sur plusieurs années des indicateurs de résultats (ex: salles de classe construite, kilomètre de route réhabilitée, nombre d'entreprises financées via des lignes de crédits etc.)- Mise à jour des supports de communication écrits et numérique sur l'activité de l'AFD au Cameroun (plaquette pays, site internet, fiche-secteurs ... ).- Appui à l'organisation des 10 ans du Contrat de Désendettement et de Développement, le plus grand programme d'aide bilatéral jamais mis en œuvre par la France au CamerounDurée et dates du stage : Trois mois, à partir de juin/juillet 2017.&lt;br /&gt;&lt;br /&gt;Étudiant(e) dans un Institut d'études politiques ou une université, titulaire d'une licence ou d'un master 1 en administration publique, économie ou relations internationales, vous justifiez d'une spécialisation en économie du développement et/ou en affaires publiques et disposez de connaissances sur le fonctionnement del'aide internationale (acteurs, cadres de concertation, mécanisme de redevabilité).Rigoureux(se) et organisé(e), vous possédez de réelles capacités d'analyse, de synthèse et de rédaction. Doté(e) d'une forte polyvalence et d'un bon sens relationnel, vous faites preuve de bonnes capacités de travail en équipe et d'adaptation à un contexte socio-culturel différent. Une bonne maîtrise des outils bureautiques de base est indispensable. La maîtrise de logiciels d'analyse et de visualisation de données (ex: Tableau) ou de cartographie (GIS) serait un plus.Conditions :- Étudiant(e) dans un établissement universitaire ou une école sur le territoire français disponible pour un stage ;- Stage sous convention ;- Indemnités de stage ;&lt;br /&gt;&lt;b&gt;Lieu : &lt;/b&gt;YAOUNDE&lt;br /&gt;&lt;b&gt;Niveau d'études min. requis : &lt;/b&gt;Bac + 4 / M 1&lt;br /&gt;&lt;b&gt;Langue / Niveau : &lt;/b&gt;&lt;br /&gt;Anglais : Opérationnel et autonome&lt;br /&gt;</description>      <pubDate>Mon, 22 May 2017 13:38:09 Z</pubDate>    </item>    <item>      <link>http://afd.profils.org/Pages/Offre/detailoffre.aspx?idOffre=1987&amp;idOrigine=310&amp;LCID=1036&amp;offerReference=17-STA-DXR-DXR-1987</link>      <category>Banque - Finance - Audit/Non défini</category>      <category>Stage</category>      <category>Paris 12</category>      <title>17-STA-DXR-DXR-1987 - Stage - Appui à la direction exécutive des risques H/F</title>      <description>&lt;b&gt;Métier : &lt;/b&gt;Banque - Finance - Audit/Non défini&lt;br /&gt;&lt;b&gt;Contrat : &lt;/b&gt;Stage&lt;br /&gt;&lt;b&gt;Description du poste : &lt;/b&gt;&lt;br /&gt;La Direction Exécutive des Risques de l'AFD est à la recherche d'un(e) stagiaire pour contribuer à plusieurs chantiers transversaux de la Direction sur les thématiques de risques et apporter un appui aux réflexions stratégiques de la Direction au regard de l'évolution des pratiques de la communauté de bailleurs et de la réglementation. Sous la supervision de son maitre de stage, le/ la stagiaire retenu(e) participera aux activités suivantes :- Contribuer aux chantiers stratégiques, organisationnels et méthodologiques en matière de politique de risque dans un contexte de forte croissance des activités de l' AFD et de renforcement des exigences réglementaires, appuyer la coordination des travaux et rédiger le cas échéant les comptes rendus et/ou relevé de conclusions- Participer aux réunions de la filière risque du groupe AFD et assurer le lien avec la communauté des membres de la filière risque (animation sur le réseau social d'entreprise, préparation de la note mensuelle de la filière risque, suivi de travaux transversaux)- Apporter un appui au chargé de mission DXR sur le suivi des initiatives d'innovation(e.g. social business,« green bonds», finance numérique ... ) du groupe AFD- Apporter un appui à la mise en oeuvre du plan de communication de la Direction des risques (supports de communication et de formation notamment)Début souhaité: Septembre 2017 pour une durée de 6 mois&lt;br /&gt;&lt;br /&gt;Étudiant(e) de niveau bac +5 en école de commerce ou grandes écoles, vous êtes sensible aux problématiques du développement durable et justifiez idéalement d'une première expérience en finance ou développement durable au sein d'une entreprise ou d'une institution.Doté(e) d'excellentes capacités rédactionnelles et de communication. Vous disposez d'une solide formation en analyse financière et/ou macro-économique. Vous appréciez le travail en équipe et être force de proposition pour assister les chantiers collectifs.Conditions : - Étudiant(e) dans un établissement universitaire ou une école sur le territoire français disponible pour un stage ; - Stage sous convention ; - Indemnités de stage ; - Prise en charge du pass Navigo à hauteur de 50 % ; - Accès au restaurant d'entreprise.&lt;br /&gt;&lt;b&gt;Lieu : &lt;/b&gt;Paris 12&lt;br /&gt;&lt;b&gt;Niveau d'études min. requis : &lt;/b&gt;Bac + 5 / M 2&lt;br /&gt;&lt;b&gt;Langue / Niveau : &lt;/b&gt;&lt;br /&gt;Français : Opérationnel et autonome&lt;br /&gt;&lt;b&gt;Langue / Niveau : &lt;/b&gt;&lt;br /&gt;Anglais : Opérationnel et autonome&lt;br /&gt;</description>      <pubDate>Mon, 22 May 2017 12:09:02 Z</pubDate>    </item>    <item>      <link>http://afd.profils.org/Pages/Offre/detailoffre.aspx?idOffre=1935&amp;idOrigine=310&amp;LCID=1036&amp;offerReference=17-STA-DGL-1935</link>      <category>Communication et production intellectuelle/Communication</category>      <category>Stage</category>      <category>5 rue Roland Barthes 75012 PARIS</category>      <title>17-STA-DGL-1935 - Community manager / Assistant Chef de projet Réseau Social d'Entreprise H/F</title>      <description>&lt;b&gt;Métier : &lt;/b&gt;Communication et production intellectuelle/Communication&lt;br /&gt;&lt;b&gt;Contrat : &lt;/b&gt;Stage&lt;br /&gt;&lt;b&gt;Description du poste : &lt;/b&gt;&lt;br /&gt;Le stage consiste en deux missions principales : l'animation du réseau social d'entreprise expérimental et la participation au projet de généralisation du réseau social à toute l'AFD.Dans le réseau social expérimental, le/la stagiaire devra assurer le support aux utilisateurs, l'accompagnement des animateurs de communauté, l'animation de la communauté des animateurs et la réalisation de supports d'accompagnement.Durant toute la durée du stage, il/elle participera au projet de généralisation en assistant le chef de projet dans la coordination des actions, la réalisation des livrables et le suivi de projet au jour le jour. Le volet conduite du changement sera un fort apprentissage dans la réalisation de ce projet.Durée du stage : 6 mois.&lt;br /&gt;&lt;br /&gt;Étudiant(e) de niveau BAC + 3 - 4/5 , Université, école de commerce, ... Vous êtes doté(e) de capacité d'analyse et de synthèse et disposez d'excellentes qualités rédactionnelles.Vous justifiez de rigueur, d'autonomie et de réactivité dans votre travail.Compétences requises :- Gestion de projet (méthode et outils - Microsoft Project)- Capacité rédactionnelle et sens de communication- Capacité d'initiative- Dynamisme- Autonomie- Une bonne connaissance de la mise en place de réseaux sociaux d'entreprise sera appréciée.CONDITIONS:- étudiant dans un établissement universitaire ou une école sur le territoire français ;- stage sous convention ;- indemnités de stage ;- prise en charge 50% du pass navigo ;- accès au restaurant d'entreprise.&lt;br /&gt;&lt;b&gt;Lieu : &lt;/b&gt;5 rue Roland Barthes 75012 PARIS&lt;br /&gt;&lt;b&gt;Niveau d'études min. requis : &lt;/b&gt;Bac + 4 / M 1&lt;br /&gt;&lt;b&gt;Langue / Niveau : &lt;/b&gt;&lt;br /&gt;Anglais : Opérationnel tâches courantes&lt;br /&gt;</description>      <pubDate>Mon, 24 Apr 2017 22:33:04 Z</pubDate>    </item>    <item>      <link>http://afd.profils.org/Pages/Offre/detailoffre.aspx?idOffre=1835&amp;idOrigine=310&amp;LCID=1036&amp;offerReference=17-STA-DMI-SNA-1835</link>      <category>Système d'information et organisation/Non défini</category>      <category>Stage</category>      <category>Paris 12</category>      <title>17-STA-DMI-SNA-1835 - Stage - Assistant chef de projet Réseau Social d'Entrerpsie H/F</title>      <description>&lt;b&gt;Métier : &lt;/b&gt;Système d'information et organisation/Non défini&lt;br /&gt;&lt;b&gt;Contrat : &lt;/b&gt;Stage&lt;br /&gt;&lt;b&gt;Description du poste : &lt;/b&gt;&lt;br /&gt;Le Département Moyens informatiques, immobiliers et logistiques est à la recherche d'un(e) stagiaire pour assister la chargée de mission au sein de la division Nouveaux Services, Numérique et Architecture (SNA).Le stage consiste en deux missions principales : l'animation du réseau social d'entreprise expérimental et la participation au projet de généralisation du réseau social à toute l'AFD.Dans le réseau social expérimental, le/la stagiaire devra assurer le support aux utilisateurs, l'accompagnement des animateurs de communauté, l'animation de la communauté des animateurs et la réalisation de supports d'accompagnement. Durant toute la durée du stage, il/elle participera au projet de généralisation en assistant le chef de projet dans la coordination des actions, la réalisation des livrables et le suivi de projet au jour le jour. Le volet conduite du changement sera un fort apprentissage dans la réalisation de ce projet.Durée et dates souhaitées du stage : 6 mois, dès que possible..&lt;br /&gt;&lt;br /&gt;Etudiant(e) de niveau BAC +4/5 en Université ou école d'ingénieur, vous justifiez de compétences en gestion de projet (méthode et outils – Microsoft Project). Une bonne connaissance de la mise en place de réseaux sociaux d'entreprise sera appréciée. . De nature autonome et dynamique, vous faites preuve d'initiative, de bonnes capacités rédactionnelles et relationnelles  Conditions : - étudiant dans un établissement universitaire ou une école sur le territoire français ; - stage sous convention ; - indemnités de stage ; - prise en charge du pass navigo à hauteur de 50% ; - accès au restaurant d'entreprise. &lt;br /&gt;&lt;b&gt;Lieu : &lt;/b&gt;Paris 12&lt;br /&gt;&lt;b&gt;Niveau d'études min. requis : &lt;/b&gt;Bac + 4 / M 1&lt;br /&gt;&lt;b&gt;Langue / Niveau : &lt;/b&gt;&lt;br /&gt;Français : Opérationnel et autonome&lt;br /&gt;</description>      <pubDate>Fri, 14 Apr 2017 22:33:02 Z</pubDate>    </item>    <item>      <link>http://afd.profils.org/Pages/Offre/detailoffre.aspx?idOffre=1834&amp;idOrigine=310&amp;LCID=1036&amp;offerReference=17-STA-DMI-SPI-1834</link>      <category>Système d'information et organisation/Non défini</category>      <category>Stage</category>      <category>Paris 12</category>      <title>17-STA-DMI-SPI-1834 - Stage - Ingenieur réseaux H/F</title>      <description>&lt;b&gt;Métier : &lt;/b&gt;Système d'information et organisation/Non défini&lt;br /&gt;&lt;b&gt;Contrat : &lt;/b&gt;Stage&lt;br /&gt;&lt;b&gt;Description du poste : &lt;/b&gt;&lt;br /&gt;Le Département Moyens informatiques, immobiliers et logistiques est à la recherche d'un(e) stagiaire pour assister le chargé infrastructures réseaux LAN MAN.Le/la stagiaire contribuera aux réflexions sur : - l'évolution des connexions agences : faisabilité d'un proxy « cloud » et séparation des flux professionnels des flux personnels (surf sur le web) ; - maillage du réseau agence (notion de hub), routage dynamique, multi VPN.Stage à pourvoir dès que possible pour une durée de 6 mois.&lt;br /&gt;&lt;br /&gt;Etudiant(e) en école d'ingénieur, vous disposez de connaissance des réseaux WAN, MAN et LAN, de la sécurité des réseaux (VPN, Firewall), des protocoles de communication et de routage.  De nature autonome et organisé(e), vous faites preuve de bonnes capacités rédactionnelles.Vous appréciez le travail en équipe. Conditions : - étudiant dans un établissement universitaire ou une école sur le territoire français ; - stage sous convention ; - indemnités de stage ; - prise en charge du pass navigo à hauteur de 50% ; - accès au restaurant d'entreprise. &lt;br /&gt;&lt;b&gt;Lieu : &lt;/b&gt;Paris 12&lt;br /&gt;&lt;b&gt;Niveau d'études min. requis : &lt;/b&gt;Bac + 4 / M 1&lt;br /&gt;&lt;b&gt;Langue / Niveau : &lt;/b&gt;&lt;br /&gt;Français : Opérationnel et autonome&lt;br /&gt;</description>      <pubDate>Sat, 11 Feb 2017 23:46:22 Z</pubDate>    </item>  </channel></rss>