<?xml version="1.0" encoding="UTF-8"?><rss xmlns:a10="http://www.w3.org/2005/Atom" version="2.0">  <channel>    <title>Export RSS des offres - Seulement les offres à la une : Non / Profil : Système d'information et organisation--&gt;Ingénieur Système </title>    <link>http://afd.profils.org/handlers/offerRss.ashx?LCID=1036&amp;Rss_Profile=286</link>    <description />    <language>fr-FR</language>    <item>      <link>http://afd.profils.org/Pages/Offre/detailoffre.aspx?idOffre=1790&amp;idOrigine=310&amp;LCID=1036</link>      <category>Système d'information et organisation/Ingénieur Système </category>      <category>CDI</category>      <category>Paris</category>      <title>2017-DMI-PAT-1790 - RESPONSABLE DES ACTIFS LOGICIELS ET DE LA CONFORMITE LOGICIELLE H/F</title>      <description>&lt;b&gt;Métier : &lt;/b&gt;Système d'information et organisation/Ingénieur Système &lt;br /&gt;&lt;b&gt;Contrat : &lt;/b&gt;CDI&lt;br /&gt;&lt;b&gt;Description du poste : &lt;/b&gt;&lt;br /&gt;L'Agence Française de Développement (AFD), est un établissement public de financement du développement, présent sur les cinq continents et dans les collectivités d'Outre-mer. Institution financière spécialisée, elle soutient des projets économiques d'envergure dans les domaines du développement urbain et des infrastructures, du développement rural, de l'industrie, des systèmes financiers ainsi que dans l'éducation et la santé.Le Département des Moyens Informatiques (DMI) recherche un responsable des Actifs Logiciels et de la conformité logicielle.Cette fonction est transversale au sein du département et de caractère stratégique du fait des risques associés pour l'entreprise. Le poste comprend deux activités qui se complètent avec :1. Conduire la conformité logicielle : - Administrer et garantir les référentiels des achats de licences - Proposer des processus et des outils adaptés à la gestion des actifs logiciels - Étendre la mise sous surveillance des logiciels (outil SAM) - Piloter la revue régulière de conformité des licences - Produire des préconisations en termes de régularisation - Sensibiliser les acteurs internes sur les règles de gestion de licences - Suivre les éditeurs pour améliorer la connaissance en termes de licensing - Être l'interlocuteur lors des audits externes2. Contribuer à l'achat du support éditeur :  - Être prescripteur pour le renouvellement du support - Participer aux appels d'offres d'achat de licences - Contribuer à l'amélioration des contrats logiciels en collaboration avec les Achats&lt;br /&gt;&lt;br /&gt;- Formation supérieure avec forte culture IT- Expérience significative dans la gestion des logiciels et en conformité logicielle- Maîtrise des fondamentaux de la gestion des actifs logiciels (SAM)- Capacité à rechercher et proposer des solutions sur le domaine- Pédagogie, rigueur et large autonomie- Pédagogie et assertivité&lt;br /&gt;&lt;b&gt;Lieu : &lt;/b&gt;Paris&lt;br /&gt;&lt;b&gt;Niveau d'études min. requis : &lt;/b&gt;Bac + 5 / M 2&lt;br /&gt;&lt;b&gt;Langue / Niveau : &lt;/b&gt;&lt;br /&gt;Anglais : Opérationnel tâches courantes&lt;br /&gt;</description>      <pubDate>Wed, 25 Jan 2017 14:37:30 Z</pubDate>    </item>    <item>      <link>http://afd.profils.org/Pages/Offre/detailoffre.aspx?idOffre=1461&amp;idOrigine=310&amp;LCID=1036</link>      <category>Système d'information et organisation/Ingénieur Système </category>      <category>CDI</category>      <category>75012</category>      <title>2016-DMI-PMI-1461 - Ingénieur Architecte Réseaux et sécurité H/F</title>      <description>&lt;b&gt;Métier : &lt;/b&gt;Système d'information et organisation/Ingénieur Système &lt;br /&gt;&lt;b&gt;Contrat : &lt;/b&gt;CDI&lt;br /&gt;&lt;b&gt;Description du poste : &lt;/b&gt;&lt;br /&gt;L'Agence Française de Développement (AFD), est un établissement public de financement dudéveloppement, présent sur les cinq continents et dans les collectivités d'Outre-mer. Institution financièrespécialisée, elle soutient des projets économiques d'envergure dans différents domaines du développement;Le département informatique recherche un Ingénieur Architecte Réseaux et sécurité H/F pour sa division PMI.Pilotage opérationnel et gestion d'équipe du domaine d'activité Administration réseau et sécurité (2 personnes):-Gestion des incidents, problèmes, contrats et  maintenances.-Maintenir une infrastructure technique cohérente, performante et évolutive et réussir l'intégration des projets  dans le SI AFD, dans son domaine de compétences techniques Réseau.-Etude et Mise en place des évolutions du Réseaux en fonction des besoins (données numériques, voix, images, virtualisation ...)-Choix des opérateurs, matériels, et prestataires -Gestion des capacités des Réseaux LAN/WAN-Maintien de la sécurité.Bonne maîtrise de la gestion de projet réseaux et sécurité :-Analyse d'impact des évolutions réseau-Optimisation des ressources déployées-Capacité de communication aussi bien au niveau technique que stratégiqueContraintes liées au poste:Probabilité de mission sur site outre-mer : installation ou déménagement de site Déplacement réguliers sur sites Datacenter (hors Paris intra-muros)Travail HNO suivant besoin du service&lt;br /&gt;&lt;br /&gt;Formation supérieure en ingénierie informatiqueExpertise Technique LAN, MAN, télécoms et sécurité des réseaux-Protocoles de communication et de routage (IP, OSPF, DNS)-Expertise des infrastructures d'interconnexion sécurisées (VPN Juniper et stormshield, Parefeux checkpoint juniper et  stormshield)-Expertise des infrastructures et protocoles LAN/WAN (Riverbed, F5 BigIP, Extreme Networks) -Architectures et technologies de connexion à internet/intranet (Cisco Ironport, Bluecoat), Equipements de connexions à distance Juniper SA4500 Pulse Secure. &lt;br /&gt;&lt;b&gt;Lieu : &lt;/b&gt;75012&lt;br /&gt;&lt;b&gt;Niveau d'études min. requis : &lt;/b&gt;Bac + 5 / M 2&lt;br /&gt;&lt;b&gt;Langue / Niveau : &lt;/b&gt;&lt;br /&gt;Anglais : Opérationnel tâches simples&lt;br /&gt;</description>      <pubDate>Sun, 11 Dec 2016 00:01:55 Z</pubDate>    </item>    <item>      <link>http://afd.profils.org/Pages/Offre/detailoffre.aspx?idOffre=1634&amp;idOrigine=310&amp;LCID=1036</link>      <category>Système d'information et organisation/Ingénieur Système </category>      <category>CDI</category>      <category>PARIS 12</category>      <title>16-SGN-DMI-EPI--1634 - Chef de Projet Informatique  H/F</title>      <description>&lt;b&gt;Métier : &lt;/b&gt;Système d'information et organisation/Ingénieur Système &lt;br /&gt;&lt;b&gt;Contrat : &lt;/b&gt;CDI&lt;br /&gt;&lt;b&gt;Description du poste : &lt;/b&gt;&lt;br /&gt;L'Agence Française de Développement (AFD) est un établissement public de financement du développement, présent sur les cinq continents et dans les collectivités d'Outre-mer. Institution financière spécialisée, elle soutient des projets économiques d'envergure dans les domaines du développement urbain et des infrastructures, du développement rural, de l'industrie, des systèmes financiers ainsi que dans l'éducation et la santé.Le chef de projet est en charge du pilotage de toutes les actions relatives à la réalisation des projets du département EPI (Etudes et Projets Informatiques).Il pilote la définition et la mise en œuvre des projets SI confiés à des prestataires extérieurs, depuis leur conception jusqu'à leur réception et leur mise en production, dans le but d'obtenir un résultat optimal et conforme aux exigences formulées dans le cahier des charges, en ce qui concerne la qualité, les performances, le coût, le délai et la sécurité.Ses principales missions sont :- Organiser, coordonner et animer l'ensemble de l'équipe de maîtrise d'œuvre;- Définir (ou encadrer et valider) la conception technique et la rédaction des spécifications techniques détaillées;- Participer au choix de progiciels, en relation avec le maître d'ouvrage;- Participer à la réalisation en termes de développements spécifiques ou d'intégration;- Définir les tests et participer aux recettes;- Coordonner, synthétiser, et assurer la qualité des validations prononcées sur les livrables projets : spécifications techniques, dossier d'exploitation, bon de livraison;- Faire circuler et diffuser l'information au sein de la maîtrise d'œuvre et de la maîtrise ouvrage;- Gérer la relation au quotidien avec les équipes projets du ou des fournisseurs;- Garantir la meilleure adéquation qualité - coût - délai, la conformité au cahier des charges;- En relation avec l'architecte SI, garantir le respect des normes de développement de I'AFD et la conformité des livrables au référentiel projet de I'AFD;- En relation avec l'équipe de production, organiser et coordonner les actions de mise en production;- En relation avec l'équipe support et la maintenance, assurer le passage en TMA, organiser le support et la maintenance de la solution livrée.&lt;br /&gt;&lt;br /&gt;Vous avez une  formation supérieure de niveau bac+5 en informatique et une expérience significative d'au moins 5 années dans la fonction de mise en œuvre de projets Informatiques.- Vous faites preuve d'autonomie de rigueur, et d'esprit de synthèse.-  Vous êtes dotés d'une réelle aisance relationnelle, vous savez communiquer et rédiger.-  Vous avez une capacité à challenger et cadrer une maîtrise d'œuvre informatique- Votre niveau d'anglais est opérationnelUne expérience réussie  de conduite de projets « Web » (internet, Intranet) et de bonnes connaissances des environnements techniques associés est souhaitée.&lt;br /&gt;&lt;b&gt;Lieu : &lt;/b&gt;PARIS 12&lt;br /&gt;&lt;b&gt;Niveau d'études min. requis : &lt;/b&gt;Bac + 5 / M 2&lt;br /&gt;&lt;b&gt;Langue / Niveau : &lt;/b&gt;&lt;br /&gt;Anglais : Opérationnel et autonome&lt;br /&gt;</description>      <pubDate>Thu, 13 Oct 2016 22:13:44 Z</pubDate>    </item>    <item>      <link>http://afd.profils.org/Pages/Offre/detailoffre.aspx?idOffre=1635&amp;idOrigine=310&amp;LCID=1036</link>      <category>Système d'information et organisation/Ingénieur Système </category>      <category>CDI</category>      <category>PARIS 12</category>      <title>16-SGN-DMI-EPI--1635 - Chef de projet Informatique Intermédiation Bancaire   H/F</title>      <description>&lt;b&gt;Métier : &lt;/b&gt;Système d'information et organisation/Ingénieur Système &lt;br /&gt;&lt;b&gt;Contrat : &lt;/b&gt;CDI&lt;br /&gt;&lt;b&gt;Description du poste : &lt;/b&gt;&lt;br /&gt;L'Agence Française de Développement (AFD) est un établissement public de financement du développement, présent sur les cinq continents et dans les collectivités d'Outre-mer. Institution financière spécialisée, elle soutient des projets économiques d'envergure dans les domaines du développement urbain et des infrastructures, du développement rural, de l'industrie, des systèmes financiers ainsi que dans l'éducation et la santé.Le chef de projet est en charge du pilotage de toutes les actions relatives à la réalisation des projets sur le domaine intermédiation bancaire du département EPI (Etudes et Projets Informatiques).Il pilote la définition et la mise en œuvre des projets SI confiés à des prestataires extérieurs, depuis leur conception jusqu'à leur réception et leur mise en production, dans le but d'obtenir un résultat optimal et conforme aux exigences formulées dans le cahier des charges, en ce qui concerne la qualité, les performances, le coût, le délai et la sécurité.Ses principales missions sont :- Organiser, coordonner et animer l'ensemble de l'équipe de maîtrise d'œuvre sur le domaine intermédiation bancaire;- Définir (ou encadrer et valider) la conception technique et la rédaction des spécifications techniques détaillées;- Participer au choix de progiciels, en relation avec le maître d'ouvrage;- Participer à la réalisation en termes de développements spécifiques ou d'intégration;- Définir les tests et participer aux recettes;- Coordonner, synthétiser, et assurer la qualité des validations prononcées sur les livrables projets : spécifications techniques, dossier d'exploitation, bon de livraison;- Faire circuler et diffuser l'information au sein de la maîtrise d'œuvre et de la maîtrise ouvrage;- Gérer la relation au quotidien avec les équipes projets du ou des fournisseurs;- Garantir la meilleure adéquation qualité - coût - délai, la conformité au cahier des charges;- En relation avec l'architecte Sl, garantir le respect des normes de développement de I'AFD et la conformité des livrables au référentiel projet de I'AFD;- En relation avec l'équipe de production, organiser et coordonner les actions de mise en production;- En relation avec l'équipe support et la maintenance, assurer le passage en TMA, organiser le support et la maintenance de la solution livrée.&lt;br /&gt;&lt;br /&gt;Vous avez une formation supérieure de niveau bac+5 en informatique et une expérience significative dans la fonction de mise en œuvre de projets Informatiques, acquise dans le domaine de l'intermédiation bancaire et sur les environnements techniques associés.- Vous faites preuve d'autonomie, de rigueur, et d'esprit de synthèse.-  Vous êtes dotés d'une réelle aisance relationnelle, vous savez communiquer et rédiger.- Vous avez une capacité à challenger et cadrer une maîtrise d'œuvre informatique- Votre niveau d'anglais est opérationnel&lt;br /&gt;&lt;b&gt;Lieu : &lt;/b&gt;PARIS 12&lt;br /&gt;&lt;b&gt;Niveau d'études min. requis : &lt;/b&gt;Bac + 5 / M 2&lt;br /&gt;&lt;b&gt;Langue / Niveau : &lt;/b&gt;&lt;br /&gt;Anglais : Opérationnel et autonome&lt;br /&gt;</description>      <pubDate>Thu, 13 Oct 2016 22:13:42 Z</pubDate>    </item>    <item>      <link>http://afd.profils.org/Pages/Offre/detailoffre.aspx?idOffre=1460&amp;idOrigine=310&amp;LCID=1036</link>      <category>Système d'information et organisation/Ingénieur Système </category>      <category>CDI</category>      <category>Paris </category>      <title>2016-DMI-PMI-1460 - Administrateur systèmes serveurs et postes de travail H/F</title>      <description>&lt;b&gt;Métier : &lt;/b&gt;Système d'information et organisation/Ingénieur Système &lt;br /&gt;&lt;b&gt;Contrat : &lt;/b&gt;CDI&lt;br /&gt;&lt;b&gt;Description du poste : &lt;/b&gt;&lt;br /&gt;L'Agence Française de Développement (AFD), est un établissement public de financement dudéveloppement, présent sur les cinq continents et dans les collectivités d'Outre-mer. Institution financièrespécialisée, elle soutient des projets économiques d'envergure dans différents domaines du développement.Le département informatique recherche pour sa division PMI , un administrateur systèmes Serveurs et postes de travail H/F en CDI.Grande  Expérience dans le domaine de l'administration serveurs et postes de travailCompétences et expertises spécifiques:Microsoft Windows Serveurs 2012, 2008 R2, 2003, HyperVMicrosoft Exchange 2010 et ses composantsMicrosoft Active Directory, GPO, DHCP, DNS, Services de fichiers et d'impressionArcServe D2D/UDPOutils de sécurité antivirus Trend (Postes, serveurs, messagerie)Microsoft SCCM 2012 et WSUSConnaissances Scripting Windows Connaissances CentreonOS Poste de travailBonne maîtrise de la gestion d'incidents et de la gestion d'évolutions SystèmesContraintes du poste:Travail HNO suivant besoins du serviceProbabilité de mission sur site outre-mer : installation ou déménagement de site Déplacement réguliers sur sites Datacenter (hors Paris intra-muros)&lt;br /&gt;&lt;br /&gt;Formation supérieure en ingénierie informatique Expérience avérée dans le  domaine de l'administration serveurs et postes de travail (5 ans minimum) &lt;br /&gt;&lt;b&gt;Lieu : &lt;/b&gt;Paris &lt;br /&gt;&lt;b&gt;Niveau d'études min. requis : &lt;/b&gt;Bac + 5 / M 2&lt;br /&gt;&lt;b&gt;Langue / Niveau : &lt;/b&gt;&lt;br /&gt;Anglais : Opérationnel tâches courantes&lt;br /&gt;</description>      <pubDate>Sat, 20 Feb 2016 23:14:01 Z</pubDate>    </item>  </channel></rss>